registro,modo,lado,metodo,SpSmooth_s,shift_s,n,Pearson,MAE,RMSE
L03041035,unilateral,unilateral,Welch,30,0,118380,0.6848607981823784,3.854349511208144,5.293966142150869
L03041035,unilateral,unilateral,Welch,30,1,118260,0.6912030283037622,3.829552011935579,5.2545299224927895
L03041035,unilateral,unilateral,Welch,30,2,118140,0.6972110231452495,3.8059209529590796,5.216616011315043
L03041035,unilateral,unilateral,Welch,30,3,118020,0.7030369509619204,3.7834218872919116,5.1793425223171035
L03041035,unilateral,unilateral,Welch,30,4,117900,0.7084694417210032,3.7628183398465587,5.144233534334952
L03041035,unilateral,unilateral,Welch,30,5,117780,0.7133154754676664,3.7450376151570746,5.112853591017101
L03041035,unilateral,unilateral,Welch,30,6,117660,0.7175593682062027,3.7298997872221444,5.084301796304289
L03041035,unilateral,unilateral,Welch,30,7,117540,0.7210127041219714,3.7186465081843942,5.0603229284107165
L03041035,unilateral,unilateral,Welch,30,8,117420,0.7236138737508024,3.711352797349334,5.041345236933817
L03041035,unilateral,unilateral,Welch,30,9,117300,0.7253093193740987,3.7087540841206637,5.028256126356796
L03041035,unilateral,unilateral,Welch,30,10,117180,0.7260199951056941,3.7112665411102816,5.021854067376179
L03041035,unilateral,unilateral,Welch,30,11,117060,0.7258127362703833,3.7176723203122335,5.0208145129826995
L03041035,unilateral,unilateral,Welch,30,12,116940,0.7246834344757035,3.727566284985858,5.024571004937925
L03041035,unilateral,unilateral,Welch,30,13,116820,0.7225905348667695,3.74150468137044,5.034015014769039
L03041035,unilateral,unilateral,Welch,30,14,116700,0.7195630920228656,3.7597874155095377,5.049995958880875
L03041035,unilateral,unilateral,Welch,30,15,116580,0.7157113813130936,3.7812055215397096,5.071228835023087
L03041035,unilateral,unilateral,Welch,30,16,116460,0.7111436307540863,3.8046517945713947,5.096230385976233
L03041035,unilateral,unilateral,Welch,30,17,116340,0.7058645799088095,3.8307664350045147,5.125249857588734
L03041035,unilateral,unilateral,Welch,30,18,116220,0.699983715532058,3.858809246781175,5.15805706021383
L03041035,unilateral,unilateral,Welch,30,19,116100,0.6935298725468605,3.8887834748900754,5.194529170812049
L03041035,unilateral,unilateral,Welch,30,20,115980,0.6865483988792883,3.920371908929022,5.233646471371601
L03041035,unilateral,unilateral,Welch,30,21,115860,0.6793244343307537,3.951600759987859,5.273701773174831
L03041035,unilateral,unilateral,Welch,30,22,115740,0.6718900169616095,3.982793878712253,5.31414971495182
L03041035,unilateral,unilateral,Welch,30,23,115620,0.6643134061015179,4.0142938570650895,5.355151161870097
L03041035,unilateral,unilateral,Welch,30,24,115500,0.6567145708501626,4.045080066741202,5.3956798850264365
L03041035,unilateral,unilateral,Welch,30,25,115380,0.6490376948915807,4.075695835285927,5.436354246813184
L03041035,unilateral,unilateral,Welch,30,26,115320,0.6399943701980688,4.113502888370927,5.492257700355563
L03041035,unilateral,unilateral,Welch,30,27,115260,0.6315238394211584,4.149802882811596,5.5423867648543945
L03041035,unilateral,unilateral,Welch,30,28,115200,0.6232459813223711,4.1857924152629575,5.590943494942384
L03041035,unilateral,unilateral,Welch,30,29,115140,0.6151411400505613,4.221933545213477,5.640169013999551
L03041035,unilateral,unilateral,Welch,30,30,115080,0.6072527985267069,4.257751136680014,5.687726542692254
L03041035,unilateral,unilateral,spectrogram,30,0,118380,0.6848607981823784,3.854349511208144,5.293966142150869
L03041035,unilateral,unilateral,spectrogram,30,1,118260,0.6912030283037622,3.829552011935579,5.2545299224927895
L03041035,unilateral,unilateral,spectrogram,30,2,118140,0.6972110231452495,3.8059209529590796,5.216616011315043
L03041035,unilateral,unilateral,spectrogram,30,3,118020,0.7030369509619204,3.7834218872919116,5.1793425223171035
L03041035,unilateral,unilateral,spectrogram,30,4,117900,0.7084694417210032,3.7628183398465587,5.144233534334952
L03041035,unilateral,unilateral,spectrogram,30,5,117780,0.7133154754676664,3.7450376151570746,5.112853591017101
L03041035,unilateral,unilateral,spectrogram,30,6,117660,0.7175593682062027,3.7298997872221444,5.084301796304289
L03041035,unilateral,unilateral,spectrogram,30,7,117540,0.7210127041219714,3.7186465081843942,5.0603229284107165
L03041035,unilateral,unilateral,spectrogram,30,8,117420,0.7236138737508024,3.711352797349334,5.041345236933817
L03041035,unilateral,unilateral,spectrogram,30,9,117300,0.7253093193740987,3.7087540841206637,5.028256126356796
L03041035,unilateral,unilateral,spectrogram,30,10,117180,0.7260199951056941,3.7112665411102816,5.021854067376179
L03041035,unilateral,unilateral,spectrogram,30,11,117060,0.7258127362703833,3.7176723203122335,5.0208145129826995
L03041035,unilateral,unilateral,spectrogram,30,12,116940,0.7246834344757035,3.727566284985858,5.024571004937925
L03041035,unilateral,unilateral,spectrogram,30,13,116820,0.7225905348667695,3.74150468137044,5.034015014769039
L03041035,unilateral,unilateral,spectrogram,30,14,116700,0.7195630920228656,3.7597874155095377,5.049995958880875
L03041035,unilateral,unilateral,spectrogram,30,15,116580,0.7157113813130936,3.7812055215397096,5.071228835023087
L03041035,unilateral,unilateral,spectrogram,30,16,116460,0.7111436307540863,3.8046517945713947,5.096230385976233
L03041035,unilateral,unilateral,spectrogram,30,17,116340,0.7058645799088095,3.8307664350045147,5.125249857588734
L03041035,unilateral,unilateral,spectrogram,30,18,116220,0.699983715532058,3.858809246781175,5.15805706021383
L03041035,unilateral,unilateral,spectrogram,30,19,116100,0.6935298725468605,3.8887834748900754,5.194529170812049
L03041035,unilateral,unilateral,spectrogram,30,20,115980,0.6865483988792883,3.920371908929022,5.233646471371601
L03041035,unilateral,unilateral,spectrogram,30,21,115860,0.6793244343307537,3.951600759987859,5.273701773174831
L03041035,unilateral,unilateral,spectrogram,30,22,115740,0.6718900169616095,3.982793878712253,5.31414971495182
L03041035,unilateral,unilateral,spectrogram,30,23,115620,0.6643134061015179,4.0142938570650895,5.355151161870097
L03041035,unilateral,unilateral,spectrogram,30,24,115500,0.6567145708501626,4.045080066741202,5.3956798850264365
L03041035,unilateral,unilateral,spectrogram,30,25,115380,0.6490376948915807,4.075695835285927,5.436354246813184
L03041035,unilateral,unilateral,spectrogram,30,26,115320,0.6399943701980688,4.113502888370927,5.492257700355563
L03041035,unilateral,unilateral,spectrogram,30,27,115260,0.6315238394211584,4.149802882811596,5.5423867648543945
L03041035,unilateral,unilateral,spectrogram,30,28,115200,0.6232459813223711,4.1857924152629575,5.590943494942384
L03041035,unilateral,unilateral,spectrogram,30,29,115140,0.6151411400505613,4.221933545213477,5.640169013999551
L03041035,unilateral,unilateral,spectrogram,30,30,115080,0.6072527985267069,4.257751136680014,5.687726542692254
L05141322,bilateral,izquierda,Welch,30,0,156120,0.9348009645138491,1.6668600734100973,2.3770996734014798
L05141322,bilateral,izquierda,Welch,30,1,156000,0.9361787576373914,1.643252670257306,2.3535233078222824
L05141322,bilateral,izquierda,Welch,30,2,155880,0.9373591764727913,1.6228304693251527,2.333159232498979
L05141322,bilateral,izquierda,Welch,30,3,155760,0.9383367956039198,1.6062780792429099,2.3161961872018697
L05141322,bilateral,izquierda,Welch,30,4,155640,0.9391006516996003,1.5942818156382736,2.3029250777130295
L05141322,bilateral,izquierda,Welch,30,5,155520,0.9395681359583953,1.5884352296714936,2.294866016646565
L05141322,bilateral,izquierda,Welch,30,6,155400,0.9396725169622384,1.590177964800591,2.293262715884652
L05141322,bilateral,izquierda,Welch,30,7,155280,0.9394043971268339,1.599262768848617,2.2983091757452714
L05141322,bilateral,izquierda,Welch,30,8,155160,0.9387664738776782,1.615345449074458,2.309894776863415
L05141322,bilateral,izquierda,Welch,30,9,155040,0.9377768840712354,1.6374903906003275,2.327636813249582
L05141322,bilateral,izquierda,Welch,30,10,154920,0.9364549220068196,1.6647305910950267,2.351017939712222
L05141322,bilateral,izquierda,Welch,30,11,154800,0.9348237133050578,1.6962600744276364,2.3794917519991805
L05141322,bilateral,izquierda,Welch,30,12,154680,0.9329087198797863,1.731183370509718,2.4124594831448447
L05141322,bilateral,izquierda,Welch,30,13,154560,0.9307362479726826,1.7686425060127688,2.4492497996804574
L05141322,bilateral,izquierda,Welch,30,14,154440,0.9283418699481544,1.8078670400793035,2.4891409131716573
L05141322,bilateral,izquierda,Welch,30,15,154320,0.9257590408671269,1.8483963209962622,2.5314467594212884
L05141322,bilateral,izquierda,Welch,30,16,154200,0.9230179995541432,1.8895961047020235,2.575548984989752
L05141322,bilateral,izquierda,Welch,30,17,154080,0.9201486742269895,1.930979949798546,2.620870391099078
L05141322,bilateral,izquierda,Welch,30,18,153960,0.9171807747375332,1.972014031394526,2.666913327766541
L05141322,bilateral,izquierda,Welch,30,19,153840,0.9141422133425098,2.0128850471169955,2.713238375743379
L05141322,bilateral,izquierda,Welch,30,20,153720,0.9110573185503058,2.0535297058536126,2.7594828781278036
L05141322,bilateral,izquierda,Welch,30,21,153600,0.9079466483290267,2.0935226295749243,2.8053393224201932
L05141322,bilateral,izquierda,Welch,30,22,153480,0.9048318821509146,2.132554926668951,2.8505068195937335
L05141322,bilateral,izquierda,Welch,30,23,153360,0.9017314300424067,2.1705269851756896,2.8947518021851715
L05141322,bilateral,izquierda,Welch,30,24,153240,0.8986627300343863,2.2075823709155826,2.937917521050594
L05141322,bilateral,izquierda,Welch,30,25,153120,0.8956392371970617,2.243372462930531,2.979775700001942
L05141322,bilateral,izquierda,Welch,30,26,153000,0.8926731178441594,2.2777114391817594,3.020257999170229
L05141322,bilateral,izquierda,Welch,30,27,152880,0.8897783141872715,2.310534446208662,3.059239740009231
L05141322,bilateral,izquierda,Welch,30,28,152760,0.8869653044500171,2.341863372165392,3.0966456885081137
L05141322,bilateral,izquierda,Welch,30,29,152640,0.8842413608717093,2.3717758649058562,3.132430751607726
L05141322,bilateral,izquierda,Welch,30,30,152520,0.8816132108463937,2.4003569653614356,3.166579186252572
L05141322,bilateral,izquierda,spectrogram,30,0,156120,0.9348009645138491,1.6668600734100973,2.3770996734014798
L05141322,bilateral,izquierda,spectrogram,30,1,156000,0.9361787576373914,1.643252670257306,2.3535233078222824
L05141322,bilateral,izquierda,spectrogram,30,2,155880,0.9373591764727913,1.6228304693251527,2.333159232498979
L05141322,bilateral,izquierda,spectrogram,30,3,155760,0.9383367956039198,1.6062780792429099,2.3161961872018697
L05141322,bilateral,izquierda,spectrogram,30,4,155640,0.9391006516996003,1.5942818156382736,2.3029250777130295
L05141322,bilateral,izquierda,spectrogram,30,5,155520,0.9395681359583953,1.5884352296714936,2.294866016646565
L05141322,bilateral,izquierda,spectrogram,30,6,155400,0.9396725169622384,1.590177964800591,2.293262715884652
L05141322,bilateral,izquierda,spectrogram,30,7,155280,0.9394043971268339,1.599262768848617,2.2983091757452714
L05141322,bilateral,izquierda,spectrogram,30,8,155160,0.9387664738776782,1.615345449074458,2.309894776863415
L05141322,bilateral,izquierda,spectrogram,30,9,155040,0.9377768840712354,1.6374903906003275,2.327636813249582
L05141322,bilateral,izquierda,spectrogram,30,10,154920,0.9364549220068196,1.6647305910950267,2.351017939712222
L05141322,bilateral,izquierda,spectrogram,30,11,154800,0.9348237133050578,1.6962600744276364,2.3794917519991805
L05141322,bilateral,izquierda,spectrogram,30,12,154680,0.9329087198797863,1.731183370509718,2.4124594831448447
L05141322,bilateral,izquierda,spectrogram,30,13,154560,0.9307362479726826,1.7686425060127688,2.4492497996804574
L05141322,bilateral,izquierda,spectrogram,30,14,154440,0.9283418699481544,1.8078670400793035,2.4891409131716573
L05141322,bilateral,izquierda,spectrogram,30,15,154320,0.9257590408671269,1.8483963209962622,2.5314467594212884
L05141322,bilateral,izquierda,spectrogram,30,16,154200,0.9230179995541432,1.8895961047020235,2.575548984989752
L05141322,bilateral,izquierda,spectrogram,30,17,154080,0.9201486742269895,1.930979949798546,2.620870391099078
L05141322,bilateral,izquierda,spectrogram,30,18,153960,0.9171807747375332,1.972014031394526,2.666913327766541
L05141322,bilateral,izquierda,spectrogram,30,19,153840,0.9141422133425098,2.0128850471169955,2.713238375743379
L05141322,bilateral,izquierda,spectrogram,30,20,153720,0.9110573185503058,2.0535297058536126,2.7594828781278036
L05141322,bilateral,izquierda,spectrogram,30,21,153600,0.9079466483290267,2.0935226295749243,2.8053393224201932
L05141322,bilateral,izquierda,spectrogram,30,22,153480,0.9048318821509146,2.132554926668951,2.8505068195937335
L05141322,bilateral,izquierda,spectrogram,30,23,153360,0.9017314300424067,2.1705269851756896,2.8947518021851715
L05141322,bilateral,izquierda,spectrogram,30,24,153240,0.8986627300343863,2.2075823709155826,2.937917521050594
L05141322,bilateral,izquierda,spectrogram,30,25,153120,0.8956392371970617,2.243372462930531,2.979775700001942
L05141322,bilateral,izquierda,spectrogram,30,26,153000,0.8926731178441594,2.2777114391817594,3.020257999170229
L05141322,bilateral,izquierda,spectrogram,30,27,152880,0.8897783141872715,2.310534446208662,3.059239740009231
L05141322,bilateral,izquierda,spectrogram,30,28,152760,0.8869653044500171,2.341863372165392,3.0966456885081137
L05141322,bilateral,izquierda,spectrogram,30,29,152640,0.8842413608717093,2.3717758649058562,3.132430751607726
L05141322,bilateral,izquierda,spectrogram,30,30,152520,0.8816132108463937,2.4003569653614356,3.166579186252572
L05141322,bilateral,derecha,Welch,30,0,162660,0.940986294375539,1.807561217097019,2.4649646236560803
L05141322,bilateral,derecha,Welch,30,1,162600,0.9423293188947758,1.7869764099079066,2.4406465022161767
L05141322,bilateral,derecha,Welch,30,2,162540,0.9434882342870186,1.7690488005163232,2.4194741641363287
L05141322,bilateral,derecha,Welch,30,3,162480,0.9444581269589385,1.7542366944577763,2.401606315840615
L05141322,bilateral,derecha,Welch,30,4,162420,0.9452273817339221,1.7428179022027488,2.3873538439249993
L05141322,bilateral,derecha,Welch,30,5,162360,0.9457291096390523,1.7367425822757974,2.3780594729475353
L05141322,bilateral,derecha,Welch,30,6,162300,0.9459089731866055,1.7372591406740052,2.374811003945357
L05141322,bilateral,derecha,Welch,30,7,162240,0.9457590129231942,1.7444767889645572,2.3778160075519557
L05141322,bilateral,derecha,Welch,30,8,162180,0.9452827382114544,1.7574346886686487,2.3869339834694174
L05141322,bilateral,derecha,Welch,30,9,162120,0.9444953077942716,1.7755139015435752,2.401845331313924
L05141322,bilateral,derecha,Welch,30,10,162060,0.9434138851406427,1.7985467707832643,2.422139310860275
L05141322,bilateral,derecha,Welch,30,11,162000,0.942057991686633,1.8257266986477698,2.447318748740539
L05141322,bilateral,derecha,Welch,30,12,161940,0.9404483439300507,1.8561035422802135,2.476847129060323
L05141322,bilateral,derecha,Welch,30,13,161880,0.9386083272704878,1.8891988055920355,2.510163965652338
L05141322,bilateral,derecha,Welch,30,14,161820,0.9365636589186696,1.9242186800926482,2.546644576813581
L05141322,bilateral,derecha,Welch,30,15,161760,0.9343405550516864,1.960760219220288,2.5857026465287203
L05141322,bilateral,derecha,Welch,30,16,161700,0.9319618111820254,1.9982172906034186,2.6268292693074904
L05141322,bilateral,derecha,Welch,30,17,161640,0.929449036299195,2.0362659587064353,2.669537201073971
L05141322,bilateral,derecha,Welch,30,18,161580,0.9268246795348825,2.0745799877114113,2.713407156414615
L05141322,bilateral,derecha,Welch,30,19,161520,0.9241100831664029,2.113448623146383,2.7580730936416096
L05141322,bilateral,derecha,Welch,30,20,161460,0.921327969936926,2.1524280687007287,2.8031122330448635
L05141322,bilateral,derecha,Welch,30,21,161400,0.9184994211902835,2.1914232312390047,2.848167314952966
L05141322,bilateral,derecha,Welch,30,22,161340,0.9156467937456086,2.2298184346915106,2.8928718103488
L05141322,bilateral,derecha,Welch,30,23,161280,0.9127881457172087,2.267436907376748,2.93698552110362
L05141322,bilateral,derecha,Welch,30,24,161220,0.9099393410172165,2.3039604217874756,2.9802959203392025
L05141322,bilateral,derecha,Welch,30,25,161160,0.9071101974014281,2.3394190615952875,3.0226534711704014
L05141322,bilateral,derecha,Welch,30,26,161100,0.9043124027780937,2.3740445804216352,3.0639399380999492
L05141322,bilateral,derecha,Welch,30,27,161040,0.90155821765785,2.4075423621069767,3.1039985675218715
L05141322,bilateral,derecha,Welch,30,28,160980,0.8988556631211019,2.4398350172966756,3.142810929373701
L05141322,bilateral,derecha,Welch,30,29,160920,0.8962151630829974,2.4710613128802184,3.180261933909098
L05141322,bilateral,derecha,Welch,30,30,160860,0.8936448526831566,2.5010297738498455,3.216288542214527
L05141322,bilateral,derecha,spectrogram,30,0,162660,0.940986294375539,1.807561217097019,2.4649646236560803
L05141322,bilateral,derecha,spectrogram,30,1,162600,0.9423293188947758,1.7869764099079066,2.4406465022161767
L05141322,bilateral,derecha,spectrogram,30,2,162540,0.9434882342870186,1.7690488005163232,2.4194741641363287
L05141322,bilateral,derecha,spectrogram,30,3,162480,0.9444581269589385,1.7542366944577763,2.401606315840615
L05141322,bilateral,derecha,spectrogram,30,4,162420,0.9452273817339221,1.7428179022027488,2.3873538439249993
L05141322,bilateral,derecha,spectrogram,30,5,162360,0.9457291096390523,1.7367425822757974,2.3780594729475353
L05141322,bilateral,derecha,spectrogram,30,6,162300,0.9459089731866055,1.7372591406740052,2.374811003945357
L05141322,bilateral,derecha,spectrogram,30,7,162240,0.9457590129231942,1.7444767889645572,2.3778160075519557
L05141322,bilateral,derecha,spectrogram,30,8,162180,0.9452827382114544,1.7574346886686487,2.3869339834694174
L05141322,bilateral,derecha,spectrogram,30,9,162120,0.9444953077942716,1.7755139015435752,2.401845331313924
L05141322,bilateral,derecha,spectrogram,30,10,162060,0.9434138851406427,1.7985467707832643,2.422139310860275
L05141322,bilateral,derecha,spectrogram,30,11,162000,0.942057991686633,1.8257266986477698,2.447318748740539
L05141322,bilateral,derecha,spectrogram,30,12,161940,0.9404483439300507,1.8561035422802135,2.476847129060323
L05141322,bilateral,derecha,spectrogram,30,13,161880,0.9386083272704878,1.8891988055920355,2.510163965652338
L05141322,bilateral,derecha,spectrogram,30,14,161820,0.9365636589186696,1.9242186800926482,2.546644576813581
L05141322,bilateral,derecha,spectrogram,30,15,161760,0.9343405550516864,1.960760219220288,2.5857026465287203
L05141322,bilateral,derecha,spectrogram,30,16,161700,0.9319618111820254,1.9982172906034186,2.6268292693074904
L05141322,bilateral,derecha,spectrogram,30,17,161640,0.929449036299195,2.0362659587064353,2.669537201073971
L05141322,bilateral,derecha,spectrogram,30,18,161580,0.9268246795348825,2.0745799877114113,2.713407156414615
L05141322,bilateral,derecha,spectrogram,30,19,161520,0.9241100831664029,2.113448623146383,2.7580730936416096
L05141322,bilateral,derecha,spectrogram,30,20,161460,0.921327969936926,2.1524280687007287,2.8031122330448635
L05141322,bilateral,derecha,spectrogram,30,21,161400,0.9184994211902835,2.1914232312390047,2.848167314952966
L05141322,bilateral,derecha,spectrogram,30,22,161340,0.9156467937456086,2.2298184346915106,2.8928718103488
L05141322,bilateral,derecha,spectrogram,30,23,161280,0.9127881457172087,2.267436907376748,2.93698552110362
L05141322,bilateral,derecha,spectrogram,30,24,161220,0.9099393410172165,2.3039604217874756,2.9802959203392025
L05141322,bilateral,derecha,spectrogram,30,25,161160,0.9071101974014281,2.3394190615952875,3.0226534711704014
L05141322,bilateral,derecha,spectrogram,30,26,161100,0.9043124027780937,2.3740445804216352,3.0639399380999492
L05141322,bilateral,derecha,spectrogram,30,27,161040,0.90155821765785,2.4075423621069767,3.1039985675218715
L05141322,bilateral,derecha,spectrogram,30,28,160980,0.8988556631211019,2.4398350172966756,3.142810929373701
L05141322,bilateral,derecha,spectrogram,30,29,160920,0.8962151630829974,2.4710613128802184,3.180261933909098
L05141322,bilateral,derecha,spectrogram,30,30,160860,0.8936448526831566,2.5010297738498455,3.216288542214527
L04301923,bilateral,izquierda,Welch,30,0,3410220,0.9850119372428212,0.9466644083639388,1.630251240297613
L04301923,bilateral,izquierda,Welch,30,1,3410040,0.985468682679153,0.9252869688386088,1.6081790592651524
L04301923,bilateral,izquierda,Welch,30,2,3409860,0.9858919178980975,0.9055672549870111,1.5874843438883748
L04301923,bilateral,izquierda,Welch,30,3,3409680,0.9862808087993187,0.8878628308223837,1.5682583129571668
L04301923,bilateral,izquierda,Welch,30,4,3409500,0.9866315701790513,0.8727229773516926,1.5507639829194622
L04301923,bilateral,izquierda,Welch,30,5,3409320,0.9869109117199303,0.8626958590025162,1.536745601650538
L04301923,bilateral,izquierda,Welch,30,6,3409140,0.9870530061999697,0.8624089180252505,1.529705983813521
L04301923,bilateral,izquierda,Welch,30,7,3408960,0.9870550367334197,0.8720226369717173,1.5298859395368165
L04301923,bilateral,izquierda,Welch,30,8,3408780,0.9869385854343904,0.8897767011569198,1.5361716449735305
L04301923,bilateral,izquierda,Welch,30,9,3408600,0.9867139181535277,0.9138544809619429,1.5479660665468968
L04301923,bilateral,izquierda,Welch,30,10,3408420,0.9863974008643209,0.9425188770270108,1.5642933657507982
L04301923,bilateral,izquierda,Welch,30,11,3408240,0.9860136578084203,0.9742582149960721,1.5838314595903393
L04301923,bilateral,izquierda,Welch,30,12,3408060,0.985573731001482,1.0077806081712897,1.6059117353343768
L04301923,bilateral,izquierda,Welch,30,13,3407880,0.9850870404725655,1.0422099073349813,1.6299509997673622
L04301923,bilateral,izquierda,Welch,30,14,3407700,0.9845585612895904,1.0768060261162626,1.6556292268126505
L04301923,bilateral,izquierda,Welch,30,15,3407520,0.9839929393651174,1.111078206023597,1.6826307469812156
L04301923,bilateral,izquierda,Welch,30,16,3407340,0.9834084869452154,1.1445036238316404,1.710071338393374
L04301923,bilateral,izquierda,Welch,30,17,3407160,0.982808614643427,1.1769287641493742,1.737761968242895
L04301923,bilateral,izquierda,Welch,30,18,3406980,0.9822017418067291,1.2080911204259048,1.765312208430658
L04301923,bilateral,izquierda,Welch,30,19,3406800,0.981598249997289,1.2378291447440493,1.7922884442794909
L04301923,bilateral,izquierda,Welch,30,20,3406620,0.9810021242045145,1.2661120456571469,1.8185210526138467
L04301923,bilateral,izquierda,Welch,30,21,3406440,0.9804209223939802,1.2928289159796882,1.8437367279690315
L04301923,bilateral,izquierda,Welch,30,22,3406260,0.979863204148457,1.3178998196865712,1.8676189317014085
L04301923,bilateral,izquierda,Welch,30,23,3406080,0.9793297124629213,1.341331223832272,1.8901850852726174
L04301923,bilateral,izquierda,Welch,30,24,3405900,0.9788206069160137,1.3632064333171396,1.911467878692347
L04301923,bilateral,izquierda,Welch,30,25,3405720,0.9783387439372146,1.3834866435291342,1.9314035249725234
L04301923,bilateral,izquierda,Welch,30,26,3405540,0.9778851607947933,1.402232007602482,1.949981547694233
L04301923,bilateral,izquierda,Welch,30,27,3405360,0.9774622365851695,1.419432023164616,1.9671478563849003
L04301923,bilateral,izquierda,Welch,30,28,3405180,0.9770662915633613,1.4352488658417608,1.983074692405098
L04301923,bilateral,izquierda,Welch,30,29,3405000,0.9766997339194368,1.449633684590668,1.9977076046864686
L04301923,bilateral,izquierda,Welch,30,30,3404820,0.976362613316583,1.4626489421584923,2.0110642267324823
L04301923,bilateral,izquierda,spectrogram,30,0,3410220,0.9850119372428212,0.9466644083639388,1.630251240297613
L04301923,bilateral,izquierda,spectrogram,30,1,3410040,0.985468682679153,0.9252869688386088,1.6081790592651524
L04301923,bilateral,izquierda,spectrogram,30,2,3409860,0.9858919178980975,0.9055672549870111,1.5874843438883748
L04301923,bilateral,izquierda,spectrogram,30,3,3409680,0.9862808087993187,0.8878628308223837,1.5682583129571668
L04301923,bilateral,izquierda,spectrogram,30,4,3409500,0.9866315701790513,0.8727229773516926,1.5507639829194622
L04301923,bilateral,izquierda,spectrogram,30,5,3409320,0.9869109117199303,0.8626958590025162,1.536745601650538
L04301923,bilateral,izquierda,spectrogram,30,6,3409140,0.9870530061999697,0.8624089180252505,1.529705983813521
L04301923,bilateral,izquierda,spectrogram,30,7,3408960,0.9870550367334197,0.8720226369717173,1.5298859395368165
L04301923,bilateral,izquierda,spectrogram,30,8,3408780,0.9869385854343904,0.8897767011569198,1.5361716449735305
L04301923,bilateral,izquierda,spectrogram,30,9,3408600,0.9867139181535277,0.9138544809619429,1.5479660665468968
L04301923,bilateral,izquierda,spectrogram,30,10,3408420,0.9863974008643209,0.9425188770270108,1.5642933657507982
L04301923,bilateral,izquierda,spectrogram,30,11,3408240,0.9860136578084203,0.9742582149960721,1.5838314595903393
L04301923,bilateral,izquierda,spectrogram,30,12,3408060,0.985573731001482,1.0077806081712897,1.6059117353343768
L04301923,bilateral,izquierda,spectrogram,30,13,3407880,0.9850870404725655,1.0422099073349813,1.6299509997673622
L04301923,bilateral,izquierda,spectrogram,30,14,3407700,0.9845585612895904,1.0768060261162626,1.6556292268126505
L04301923,bilateral,izquierda,spectrogram,30,15,3407520,0.9839929393651174,1.111078206023597,1.6826307469812156
L04301923,bilateral,izquierda,spectrogram,30,16,3407340,0.9834084869452154,1.1445036238316404,1.710071338393374
L04301923,bilateral,izquierda,spectrogram,30,17,3407160,0.982808614643427,1.1769287641493742,1.737761968242895
L04301923,bilateral,izquierda,spectrogram,30,18,3406980,0.9822017418067291,1.2080911204259048,1.765312208430658
L04301923,bilateral,izquierda,spectrogram,30,19,3406800,0.981598249997289,1.2378291447440493,1.7922884442794909
L04301923,bilateral,izquierda,spectrogram,30,20,3406620,0.9810021242045145,1.2661120456571469,1.8185210526138467
L04301923,bilateral,izquierda,spectrogram,30,21,3406440,0.9804209223939802,1.2928289159796882,1.8437367279690315
L04301923,bilateral,izquierda,spectrogram,30,22,3406260,0.979863204148457,1.3178998196865712,1.8676189317014085
L04301923,bilateral,izquierda,spectrogram,30,23,3406080,0.9793297124629213,1.341331223832272,1.8901850852726174
L04301923,bilateral,izquierda,spectrogram,30,24,3405900,0.9788206069160137,1.3632064333171396,1.911467878692347
L04301923,bilateral,izquierda,spectrogram,30,25,3405720,0.9783387439372146,1.3834866435291342,1.9314035249725234
L04301923,bilateral,izquierda,spectrogram,30,26,3405540,0.9778851607947933,1.402232007602482,1.949981547694233
L04301923,bilateral,izquierda,spectrogram,30,27,3405360,0.9774622365851695,1.419432023164616,1.9671478563849003
L04301923,bilateral,izquierda,spectrogram,30,28,3405180,0.9770662915633613,1.4352488658417608,1.983074692405098
L04301923,bilateral,izquierda,spectrogram,30,29,3405000,0.9766997339194368,1.449633684590668,1.9977076046864686
L04301923,bilateral,izquierda,spectrogram,30,30,3404820,0.976362613316583,1.4626489421584923,2.0110642267324823
L04301923,bilateral,derecha,Welch,30,0,3326520,0.977501636583048,1.0655969838591335,1.8970656927213816
L04301923,bilateral,derecha,Welch,30,1,3326160,0.9780677624542982,1.0464086539447262,1.8743619582437858
L04301923,bilateral,derecha,Welch,30,2,3325800,0.9785976392717342,1.028903638425784,1.8528850315383931
L04301923,bilateral,derecha,Welch,30,3,3325440,0.9790893505705339,1.013331452966298,1.83275266762004
L04301923,bilateral,derecha,Welch,30,4,3325080,0.9795409441794917,1.0000938294242903,1.8140931018003457
L04301923,bilateral,derecha,Welch,30,5,3324720,0.9799285535157913,0.9910037472058283,1.7979590804887304
L04301923,bilateral,derecha,Welch,30,6,3324360,0.980201776833948,0.989641801381567,1.7865626026677015
L04301923,bilateral,derecha,Welch,30,7,3324000,0.9803538148924218,0.9963991921078278,1.7802824695880572
L04301923,bilateral,derecha,Welch,30,8,3323640,0.9803972591423009,1.0101106385853569,1.778629695073214
L04301923,bilateral,derecha,Welch,30,9,3323280,0.9803407660690034,1.0295227651313443,1.7812463265003744
L04301923,bilateral,derecha,Welch,30,10,3322920,0.9802009647316285,1.0532013335310617,1.7874040406262621
L04301923,bilateral,derecha,Welch,30,11,3322560,0.979989273795796,1.0799375374835547,1.7965857618231689
L04301923,bilateral,derecha,Welch,30,12,3322200,0.9797180103981062,1.1086529983939366,1.808225327511294
L04301923,bilateral,derecha,Welch,30,13,3321840,0.9793981129390827,1.1385852713961058,1.8218121504702347
L04301923,bilateral,derecha,Welch,30,14,3321480,0.9790414046255903,1.169052925893756,1.8368191140240975
L04301923,bilateral,derecha,Welch,30,15,3321120,0.9786558070476479,1.1995468822938726,1.8528819820142122
L04301923,bilateral,derecha,Welch,30,16,3320760,0.9782544466516429,1.2295778677582583,1.869446405006079
L04301923,bilateral,derecha,Welch,30,17,3320400,0.9778432541568646,1.2588833887810111,1.8862548665089922
L04301923,bilateral,derecha,Welch,30,18,3320040,0.9774309488266064,1.287208189273538,1.9029512133932722
L04301923,bilateral,derecha,Welch,30,19,3319680,0.977025353729806,1.3143860116283224,1.9192368800429749
L04301923,bilateral,derecha,Welch,30,20,3319320,0.9766313400407526,1.3402894113183192,1.9349261947703835
L04301923,bilateral,derecha,Welch,30,21,3318960,0.9762551627417568,1.3648066231646283,1.9497959985051447
L04301923,bilateral,derecha,Welch,30,22,3318660,0.9758938995738454,1.3880021945927197,1.9639777728407308
L04301923,bilateral,derecha,Welch,30,23,3318360,0.9755304547422259,1.4098044778359828,1.97811311197605
L04301923,bilateral,derecha,Welch,30,24,3318060,0.975170037110967,1.4302238177822022,1.992007661538755
L04301923,bilateral,derecha,Welch,30,25,3317760,0.9748195747659095,1.4491810262566125,2.0054109737120247
L04301923,bilateral,derecha,Welch,30,26,3317460,0.9744864960968795,1.4667260192712763,2.0180572925010747
L04301923,bilateral,derecha,Welch,30,27,3317160,0.974171849872918,1.4829301548574187,2.02992615150633
L04301923,bilateral,derecha,Welch,30,28,3316860,0.9738748811128426,1.497834426715141,2.0410538539525525
L04301923,bilateral,derecha,Welch,30,29,3316560,0.973598933824737,1.5114172491338242,2.0513331707609552
L04301923,bilateral,derecha,Welch,30,30,3316260,0.9733445888982745,1.5237556364349643,2.0607575477572193
L04301923,bilateral,derecha,spectrogram,30,0,3326520,0.977501636583048,1.0655969838591335,1.8970656927213816
L04301923,bilateral,derecha,spectrogram,30,1,3326160,0.9780677624542982,1.0464086539447262,1.8743619582437858
L04301923,bilateral,derecha,spectrogram,30,2,3325800,0.9785976392717342,1.028903638425784,1.8528850315383931
L04301923,bilateral,derecha,spectrogram,30,3,3325440,0.9790893505705339,1.013331452966298,1.83275266762004
L04301923,bilateral,derecha,spectrogram,30,4,3325080,0.9795409441794917,1.0000938294242903,1.8140931018003457
L04301923,bilateral,derecha,spectrogram,30,5,3324720,0.9799285535157913,0.9910037472058283,1.7979590804887304
L04301923,bilateral,derecha,spectrogram,30,6,3324360,0.980201776833948,0.989641801381567,1.7865626026677015
L04301923,bilateral,derecha,spectrogram,30,7,3324000,0.9803538148924218,0.9963991921078278,1.7802824695880572
L04301923,bilateral,derecha,spectrogram,30,8,3323640,0.9803972591423009,1.0101106385853569,1.778629695073214
L04301923,bilateral,derecha,spectrogram,30,9,3323280,0.9803407660690034,1.0295227651313443,1.7812463265003744
L04301923,bilateral,derecha,spectrogram,30,10,3322920,0.9802009647316285,1.0532013335310617,1.7874040406262621
L04301923,bilateral,derecha,spectrogram,30,11,3322560,0.979989273795796,1.0799375374835547,1.7965857618231689
L04301923,bilateral,derecha,spectrogram,30,12,3322200,0.9797180103981062,1.1086529983939366,1.808225327511294
L04301923,bilateral,derecha,spectrogram,30,13,3321840,0.9793981129390827,1.1385852713961058,1.8218121504702347
L04301923,bilateral,derecha,spectrogram,30,14,3321480,0.9790414046255903,1.169052925893756,1.8368191140240975
L04301923,bilateral,derecha,spectrogram,30,15,3321120,0.9786558070476479,1.1995468822938726,1.8528819820142122
L04301923,bilateral,derecha,spectrogram,30,16,3320760,0.9782544466516429,1.2295778677582583,1.869446405006079
L04301923,bilateral,derecha,spectrogram,30,17,3320400,0.9778432541568646,1.2588833887810111,1.8862548665089922
L04301923,bilateral,derecha,spectrogram,30,18,3320040,0.9774309488266064,1.287208189273538,1.9029512133932722
L04301923,bilateral,derecha,spectrogram,30,19,3319680,0.977025353729806,1.3143860116283224,1.9192368800429749
L04301923,bilateral,derecha,spectrogram,30,20,3319320,0.9766313400407526,1.3402894113183192,1.9349261947703835
L04301923,bilateral,derecha,spectrogram,30,21,3318960,0.9762551627417568,1.3648066231646283,1.9497959985051447
L04301923,bilateral,derecha,spectrogram,30,22,3318660,0.9758938995738454,1.3880021945927197,1.9639777728407308
L04301923,bilateral,derecha,spectrogram,30,23,3318360,0.9755304547422259,1.4098044778359828,1.97811311197605
L04301923,bilateral,derecha,spectrogram,30,24,3318060,0.975170037110967,1.4302238177822022,1.992007661538755
L04301923,bilateral,derecha,spectrogram,30,25,3317760,0.9748195747659095,1.4491810262566125,2.0054109737120247
L04301923,bilateral,derecha,spectrogram,30,26,3317460,0.9744864960968795,1.4667260192712763,2.0180572925010747
L04301923,bilateral,derecha,spectrogram,30,27,3317160,0.974171849872918,1.4829301548574187,2.02992615150633
L04301923,bilateral,derecha,spectrogram,30,28,3316860,0.9738748811128426,1.497834426715141,2.0410538539525525
L04301923,bilateral,derecha,spectrogram,30,29,3316560,0.973598933824737,1.5114172491338242,2.0513331707609552
L04301923,bilateral,derecha,spectrogram,30,30,3316260,0.9733445888982745,1.5237556364349643,2.0607575477572193
