registro,lado,metodo_espectral,bandwidth_B,suavizado,mascara,modo,SpSmooth_s,shift_s,segundos_enmascarados,porcentaje_enmascarado,n,Pearson,MAE,RMSE,bias
L03041035,unilateral,CWT Morlet,0.5,ewm,ARTF2,unilateral,30,6,1485,70.08022652194431,37740,0.6222115109273627,5.34671844777902,6.622886340432366,5.101498815311163
L03041035,unilateral,CWT Morlet,0.5,ewm,base,unilateral,30,11,160,7.550731477111845,116880,0.6602122667677746,6.042918736181692,7.24382447052006,5.928726259963625
L03041035,unilateral,CWT Morlet,0.5,rolling,ARTF2,unilateral,30,10,1485,70.08022652194431,37200,0.6668660352215248,5.578385083640823,6.847895845731295,5.430743548170607
L03041035,unilateral,CWT Morlet,0.5,rolling,base,unilateral,30,11,160,7.550731477111845,116220,0.6909501544878494,5.976070941562121,7.119757247458733,5.873828087655788
L03041035,unilateral,CWT Morlet,1.5,ewm,ARTF2,unilateral,30,6,1485,70.08022652194431,37740,0.6399591052703714,4.856262913861445,6.165534789671082,4.53676029549335
L03041035,unilateral,CWT Morlet,1.5,ewm,base,unilateral,30,11,160,7.550731477111845,116880,0.6768459963514804,5.48110499590183,6.7355046572158495,5.33142430193762
L03041035,unilateral,CWT Morlet,1.5,rolling,ARTF2,unilateral,30,10,1485,70.08022652194431,37200,0.6873211500667923,5.048343258302324,6.357378513183748,4.85528893772921
L03041035,unilateral,CWT Morlet,1.5,rolling,base,unilateral,30,11,160,7.550731477111845,116220,0.7072189911171676,5.408077504409147,6.603247493510414,5.272845807652702
L03041035,unilateral,CWT Morlet,3.0,ewm,ARTF2,unilateral,30,6,1485,70.08022652194431,37740,0.6440060773737621,4.744565751205905,6.065180252467341,4.402558625544083
L03041035,unilateral,CWT Morlet,3.0,ewm,base,unilateral,30,11,160,7.550731477111845,116880,0.6799258714963965,5.353947921809824,6.629244538386523,5.193564072704841
L03041035,unilateral,CWT Morlet,3.0,rolling,ARTF2,unilateral,30,10,1485,70.08022652194431,37200,0.6915397923232913,4.9261143733655155,6.2527359809720195,4.718973346973155
L03041035,unilateral,CWT Morlet,3.0,rolling,base,unilateral,30,11,160,7.550731477111845,116220,0.7093828249435792,5.278049540271791,6.4971113893731705,5.132440436889321
L03041035,unilateral,CWT Morlet,6.0,ewm,ARTF2,unilateral,30,6,1485,70.08022652194431,37740,0.645064260379882,4.672055743894594,6.013348035946425,4.310480600062233
L03041035,unilateral,CWT Morlet,6.0,ewm,base,unilateral,30,11,160,7.550731477111845,116880,0.6798645326526223,5.269928701334722,6.575281940052067,5.100445593837071
L03041035,unilateral,CWT Morlet,6.0,rolling,ARTF2,unilateral,30,10,1485,70.08022652194431,37200,0.6924347312009321,4.849449523929061,6.202263537141557,4.626257942440643
L03041035,unilateral,CWT Morlet,6.0,rolling,base,unilateral,30,11,160,7.550731477111845,116220,0.7080072156131559,5.19071202170979,6.445225517142833,5.035723078103335
L03041035,unilateral,CWT Morlet,12.0,ewm,ARTF2,unilateral,30,6,1485,70.08022652194431,37740,0.6478379677611693,4.609028760395395,5.978395305031614,4.2388732132339975
L03041035,unilateral,CWT Morlet,12.0,ewm,base,unilateral,30,11,160,7.550731477111845,116880,0.6783088702094012,5.200237535659318,6.549109457506509,5.024262458328875
L03041035,unilateral,CWT Morlet,12.0,rolling,ARTF2,unilateral,30,10,1485,70.08022652194431,37200,0.6911463733794331,4.78697732654807,6.178008000851326,4.543564578815584
L03041035,unilateral,CWT Morlet,12.0,rolling,base,unilateral,30,11,160,7.550731477111845,116220,0.7036556909928406,5.117820146415787,6.424436231449207,4.95139375242602
L03041035,unilateral,Welch,,ewm,ARTF2,unilateral,30,6,1485,70.08022652194431,37740,0.6488872730289253,3.58148725883371,4.84304960486014,2.2150502360021345
L03041035,unilateral,Welch,,ewm,base,unilateral,30,11,160,7.550731477111845,116880,0.6920089499421693,3.8284341460789,5.175878048737194,3.014640171891032
L03041035,unilateral,Welch,,rolling,ARTF2,unilateral,30,10,1485,70.08022652194431,37200,0.6827873988188681,3.7638073761189776,5.18268262037227,2.586550119386867
L03041035,unilateral,Welch,,rolling,base,unilateral,30,10,160,7.550731477111845,116340,0.723813181146804,3.7202902122904926,5.032721026627651,2.957048941574449
L04301923,derecha,CWT Morlet,0.5,ewm,ARTF2,bilateral,30,6,1095,15.208333333333332,365940,0.9803419568990417,4.069085108655682,4.418293537675787,3.7097400681225783
L04301923,derecha,CWT Morlet,0.5,ewm,base,bilateral,30,7,28,0.3888888888888889,429900,0.9777218866210906,4.090124205356694,4.465334842375344,3.705907345466754
L04301923,derecha,CWT Morlet,0.5,rolling,ARTF2,bilateral,30,3,1095,15.208333333333332,366120,0.9783298530039068,4.089387732722406,4.440952877557795,3.716532879514673
L04301923,derecha,CWT Morlet,0.5,rolling,base,bilateral,30,6,28,0.3888888888888889,429960,0.9747484385251914,4.108020706627337,4.495418299778314,3.710798104905761
L04301923,derecha,CWT Morlet,1.5,ewm,ARTF2,bilateral,30,7,1095,15.208333333333332,365880,0.9803404998913545,3.0072389498035177,3.3259593660761535,2.5991408432828873
L04301923,derecha,CWT Morlet,1.5,ewm,base,bilateral,30,7,28,0.3888888888888889,429900,0.9781699281198464,3.0374916272946626,3.38616345660364,2.6004126046547666
L04301923,derecha,CWT Morlet,1.5,rolling,ARTF2,bilateral,30,5,1095,15.208333333333332,366000,0.9787033783073785,3.0362914599968387,3.3567743077385663,2.6113025706322723
L04301923,derecha,CWT Morlet,1.5,rolling,base,bilateral,30,6,28,0.3888888888888889,429960,0.9755971261169648,3.0618543200696764,3.4268445238725147,2.6070895009842086
L04301923,derecha,CWT Morlet,3.0,ewm,ARTF2,bilateral,30,7,1095,15.208333333333332,365880,0.9802585740501865,2.711761080262878,3.0390432713092617,2.270124026272068
L04301923,derecha,CWT Morlet,3.0,ewm,base,bilateral,30,7,28,0.3888888888888889,429900,0.978416472352504,2.7443566073435077,3.1016127070449513,2.282840505731556
L04301923,derecha,CWT Morlet,3.0,rolling,ARTF2,bilateral,30,5,1095,15.208333333333332,366000,0.9784970252649348,2.7444731133176186,3.074491702500831,2.282437177918948
L04301923,derecha,CWT Morlet,3.0,rolling,base,bilateral,30,6,28,0.3888888888888889,429960,0.9759125740676559,2.7697051334781038,3.14562494094824,2.28997115212983
L04301923,derecha,CWT Morlet,6.0,ewm,ARTF2,bilateral,30,7,1095,15.208333333333332,365880,0.9802851644788674,2.5075058864737936,2.8479235490323473,2.0336138771984134
L04301923,derecha,CWT Morlet,6.0,ewm,base,bilateral,30,7,28,0.3888888888888889,429900,0.9787001891020685,2.5422134424592793,2.911520469139462,2.059488053257111
L04301923,derecha,CWT Morlet,6.0,rolling,ARTF2,bilateral,30,5,1095,15.208333333333332,366000,0.9781152040895104,2.5456028785935283,2.892112044509542,2.045599287788999
L04301923,derecha,CWT Morlet,6.0,rolling,base,bilateral,30,6,28,0.3888888888888889,429960,0.9760018609609968,2.56977110451699,2.961577930510853,2.0666812677850097
L04301923,derecha,CWT Morlet,12.0,ewm,ARTF2,bilateral,30,7,1095,15.208333333333332,365880,0.9802067100616166,2.339884150066419,2.6986831392059374,1.8360445790591913
L04301923,derecha,CWT Morlet,12.0,ewm,base,bilateral,30,7,28,0.3888888888888889,429900,0.978764716024911,2.379089447213115,2.7653021989067983,1.879063471096684
L04301923,derecha,CWT Morlet,12.0,rolling,ARTF2,bilateral,30,5,1095,15.208333333333332,366000,0.9773173327171916,2.3852368867751257,2.7580648005845503,1.8479829731512414
L04301923,derecha,CWT Morlet,12.0,rolling,base,bilateral,30,6,28,0.3888888888888889,429960,0.9755345038826312,2.4101723229877123,2.8276931843949304,1.8861608632495594
L04301923,derecha,Welch,,ewm,ARTF2,bilateral,30,7,1095,15.208333333333332,365880,0.9867797415030415,0.9801665313687336,1.4143078814641792,0.1270080143962698
L04301923,derecha,Welch,,ewm,base,bilateral,30,7,28,0.3888888888888889,429900,0.9851961067740539,0.9905616297908086,1.5082380188225846,0.11261644820760469
L04301923,derecha,Welch,,rolling,ARTF2,bilateral,30,6,1095,15.208333333333332,365940,0.9847964046923392,1.0334523789241443,1.5016306203200425,0.1447859180520806
L04301923,derecha,Welch,,rolling,base,bilateral,30,6,28,0.3888888888888889,429960,0.9829668382251974,1.0215341444725707,1.598268779597403,0.12278192752705235
L04301923,izquierda,CWT Morlet,0.5,ewm,ARTF2,bilateral,30,7,922,12.805555555555555,376320,0.9821689309176377,3.968524327829313,4.299891870298109,3.59463333271343
L04301923,izquierda,CWT Morlet,0.5,ewm,base,bilateral,30,7,31,0.4305555555555556,429720,0.9802904931031771,3.9100332392544463,4.246718907514068,3.5002688834272613
L04301923,izquierda,CWT Morlet,0.5,rolling,ARTF2,bilateral,30,5,922,12.805555555555555,376440,0.9809629586386185,3.971838107751704,4.301807909629678,3.588887539285262
L04301923,izquierda,CWT Morlet,0.5,rolling,base,bilateral,30,6,31,0.4305555555555556,429780,0.9781898847544758,3.929430480354468,4.260577788310692,3.497038513329396
L04301923,izquierda,CWT Morlet,1.5,ewm,ARTF2,bilateral,30,7,922,12.805555555555555,376320,0.9824290278130322,2.979716876083766,3.2936425276839367,2.547912674398417
L04301923,izquierda,CWT Morlet,1.5,ewm,base,bilateral,30,7,31,0.4305555555555556,429720,0.9807643214434043,2.927275815944254,3.2460695137531754,2.4388532017182576
L04301923,izquierda,CWT Morlet,1.5,rolling,ARTF2,bilateral,30,6,922,12.805555555555555,376380,0.9814313597634342,2.9846787671805672,3.300392771888816,2.545375395106907
L04301923,izquierda,CWT Morlet,1.5,rolling,base,bilateral,30,6,31,0.4305555555555556,429780,0.9783525552878853,2.9657362882968727,3.2764598762215176,2.4385078185857725
L04301923,izquierda,CWT Morlet,3.0,ewm,ARTF2,bilateral,30,7,922,12.805555555555555,376320,0.9820767538906621,2.7025590804129433,3.0298928877826676,2.2376681062174737
L04301923,izquierda,CWT Morlet,3.0,ewm,base,bilateral,30,8,31,0.4305555555555556,429660,0.9810403027362984,2.6532428411874647,2.9811057825269875,2.1438388453182933
L04301923,izquierda,CWT Morlet,3.0,rolling,ARTF2,bilateral,30,6,922,12.805555555555555,376380,0.9808341973927652,2.7100982681210346,3.0429955481431037,2.236188566303142
L04301923,izquierda,CWT Morlet,3.0,rolling,base,bilateral,30,6,31,0.4305555555555556,429780,0.9787837773033332,2.692519461913621,3.013701290234447,2.1444609397071708
L04301923,izquierda,CWT Morlet,6.0,ewm,ARTF2,bilateral,30,7,922,12.805555555555555,376320,0.9818183838201648,2.5072921627493074,2.8518099777227115,2.0160099280822066
L04301923,izquierda,CWT Morlet,6.0,ewm,base,bilateral,30,8,31,0.4305555555555556,429660,0.9812339951509353,2.4605788104496105,2.801691184817283,1.9413466287623822
L04301923,izquierda,CWT Morlet,6.0,rolling,ARTF2,bilateral,30,6,922,12.805555555555555,376380,0.9800969384811969,2.5190768829541725,2.8747692590139406,2.01482392000243
L04301923,izquierda,CWT Morlet,6.0,rolling,base,bilateral,30,6,31,0.4305555555555556,429780,0.9788362114865703,2.5005130638006077,2.8399295474411743,1.9420780683934211
L04301923,izquierda,CWT Morlet,12.0,ewm,ARTF2,bilateral,30,7,922,12.805555555555555,376320,0.981367940746323,2.3471790054944908,2.714156180340818,1.8336944867804508
L04301923,izquierda,CWT Morlet,12.0,ewm,base,bilateral,30,7,31,0.4305555555555556,429720,0.9808955267389399,2.3087790694780894,2.6701203948739054,1.7838697303725346
L04301923,izquierda,CWT Morlet,12.0,rolling,ARTF2,bilateral,30,6,922,12.805555555555555,376380,0.9788481504867127,2.3648534442936033,2.753430118917761,1.8329281398313833
L04301923,izquierda,CWT Morlet,12.0,rolling,base,bilateral,30,6,31,0.4305555555555556,429780,0.9779586327187716,2.351325834050825,2.7214966141118904,1.7844496894270525
L04301923,izquierda,Welch,,ewm,ARTF2,bilateral,30,7,922,12.805555555555555,376320,0.9889061165401648,0.9171328541897905,1.3326041439599987,0.10478304789316888
L04301923,izquierda,Welch,,ewm,base,bilateral,30,7,31,0.4305555555555556,429720,0.9868239899733021,0.942408840171811,1.449807603423099,-0.020324710439439498
L04301923,izquierda,Welch,,rolling,ARTF2,bilateral,30,6,922,12.805555555555555,376380,0.9869875152379533,0.9722601896851082,1.4137703870510834,0.10204269681865615
L04301923,izquierda,Welch,,rolling,base,bilateral,30,6,31,0.4305555555555556,429780,0.9836234506805568,0.9935702715466393,1.5772528198947728,-0.021439239401205533
L05141322,derecha,CWT Morlet,0.5,ewm,ARTF2,bilateral,30,1,1014,37.389380530973455,101820,0.922209969918643,4.103187148930233,4.650396892060195,3.8435231977764097
L05141322,derecha,CWT Morlet,0.5,ewm,base,bilateral,30,6,28,1.0324483775811208,160680,0.9259103915866475,4.215135847563966,4.728326147788806,3.978699647180527
L05141322,derecha,CWT Morlet,0.5,rolling,ARTF2,bilateral,30,6,1014,37.389380530973455,101700,0.9318287515033974,4.171839436563254,4.66223622721847,3.979936999617769
L05141322,derecha,CWT Morlet,0.5,rolling,base,bilateral,30,6,28,1.0324483775811208,160680,0.9270606945082718,4.221188751458897,4.703235662077453,3.9756546488297557
L05141322,derecha,CWT Morlet,1.5,ewm,ARTF2,bilateral,30,1,1014,37.389380530973455,101820,0.9290394113074867,3.367708923093638,3.9297195890725884,3.0527776352114206
L05141322,derecha,CWT Morlet,1.5,ewm,base,bilateral,30,6,28,1.0324483775811208,160680,0.9336155647170368,3.439295681054485,3.9720566362632295,3.168998571933653
L05141322,derecha,CWT Morlet,1.5,rolling,ARTF2,bilateral,30,6,1014,37.389380530973455,101700,0.9396066172438851,3.400451893631512,3.912563295037742,3.1853668440825826
L05141322,derecha,CWT Morlet,1.5,rolling,base,bilateral,30,6,28,1.0324483775811208,160680,0.9358064595493046,3.438554009398808,3.941667141658303,3.167564350909169
L05141322,derecha,CWT Morlet,3.0,ewm,ARTF2,bilateral,30,1,1014,37.389380530973455,101820,0.9307571421615002,3.17026300097426,3.738629088950069,2.830172831856847
L05141322,derecha,CWT Morlet,3.0,ewm,base,bilateral,30,6,28,1.0324483775811208,160680,0.9359601395113932,3.2327676037897315,3.7722132730825493,2.950007547729434
L05141322,derecha,CWT Morlet,3.0,rolling,ARTF2,bilateral,30,6,1014,37.389380530973455,101700,0.9413528265436323,3.1945023060077595,3.7169710449877416,2.967386059776403
L05141322,derecha,CWT Morlet,3.0,rolling,base,bilateral,30,6,28,1.0324483775811208,160680,0.9382297712726583,3.2312029805049165,3.7429153671356077,2.9516012897522375
L05141322,derecha,CWT Morlet,6.0,ewm,ARTF2,bilateral,30,1,1014,37.389380530973455,101820,0.9323054024807887,3.0169306195261147,3.591484485693625,2.6582950900110567
L05141322,derecha,CWT Morlet,6.0,ewm,base,bilateral,30,6,28,1.0324483775811208,160680,0.9376720771742131,3.075962889023766,3.621866674996456,2.7823609450428552
L05141322,derecha,CWT Morlet,6.0,rolling,ARTF2,bilateral,30,6,1014,37.389380530973455,101700,0.9419080721373835,3.041739914416897,3.5762498424012614,2.7981480357009634
L05141322,derecha,CWT Morlet,6.0,rolling,base,bilateral,30,6,28,1.0324483775811208,160680,0.9394860544128985,3.076407858465866,3.5983452483529037,2.7851983386026355
L05141322,derecha,CWT Morlet,12.0,ewm,ARTF2,bilateral,30,1,1014,37.389380530973455,101820,0.9335500036042863,2.87545655571494,3.4584994565792577,2.499207945933797
L05141322,derecha,CWT Morlet,12.0,ewm,base,bilateral,30,6,28,1.0324483775811208,160680,0.9388661871606352,2.932843057302578,3.489350127769226,2.628874155848313
L05141322,derecha,CWT Morlet,12.0,rolling,ARTF2,bilateral,30,6,1014,37.389380530973455,101700,0.94168905380465,2.9069577341313693,3.4567919743121416,2.640901942387767
L05141322,derecha,CWT Morlet,12.0,rolling,base,bilateral,30,6,28,1.0324483775811208,160680,0.9399811139147083,2.9364270358106754,3.47573624023701,2.6326948035490294
L05141322,derecha,Welch,,ewm,ARTF2,bilateral,30,2,1014,37.389380530973455,101760,0.9363596519986748,1.8876419774364104,2.4763333999885475,0.7940601999386336
L05141322,derecha,Welch,,ewm,base,bilateral,30,6,28,1.0324483775811208,160680,0.9420475259386613,1.823374898316159,2.4266260134322155,0.8870205094433918
L05141322,derecha,Welch,,rolling,ARTF2,bilateral,30,6,1014,37.389380530973455,101700,0.9451100356233302,1.7943473513096415,2.407710224338539,0.9056224347631882
L05141322,derecha,Welch,,rolling,base,bilateral,30,6,28,1.0324483775811208,160680,0.9455019804111384,1.7460166524941534,2.3873098106487904,0.8733433988306385
L05141322,izquierda,CWT Morlet,0.5,ewm,ARTF2,bilateral,30,4,877,32.33775811209439,109860,0.9224175134375797,3.724735228820762,4.24106749227416,3.442949807058311
L05141322,izquierda,CWT Morlet,0.5,ewm,base,bilateral,30,6,137,5.051622418879056,154140,0.9206779993146323,3.771224354562729,4.287087792693263,3.4964618875636218
L05141322,izquierda,CWT Morlet,0.5,rolling,ARTF2,bilateral,30,6,877,32.33775811209439,109440,0.9308855477120284,3.783539673053408,4.275325538928706,3.5960941713653116
L05141322,izquierda,CWT Morlet,0.5,rolling,base,bilateral,30,6,137,5.051622418879056,153780,0.9212141767127722,3.8237335160523926,4.304705049423048,3.5364550672779185
L05141322,izquierda,CWT Morlet,1.5,ewm,ARTF2,bilateral,30,3,877,32.33775811209439,109920,0.9298022116742491,3.060483328958867,3.5990917116646752,2.732660414737345
L05141322,izquierda,CWT Morlet,1.5,ewm,base,bilateral,30,6,137,5.051622418879056,154140,0.9286470282045606,3.098523779798729,3.6345703317246563,2.776903418848876
L05141322,izquierda,CWT Morlet,1.5,rolling,ARTF2,bilateral,30,6,877,32.33775811209439,109440,0.938839550791233,3.0922971487171154,3.6080071680191605,2.883567787656152
L05141322,izquierda,CWT Morlet,1.5,rolling,base,bilateral,30,6,137,5.051622418879056,153780,0.9303008229336961,3.1393696640773565,3.6386171949005703,2.811170648024552
L05141322,izquierda,CWT Morlet,3.0,ewm,ARTF2,bilateral,30,3,877,32.33775811209439,109920,0.9316543391433191,2.8851392498467012,3.432342523735219,2.536941681309634
L05141322,izquierda,CWT Morlet,3.0,ewm,base,bilateral,30,6,137,5.051622418879056,154140,0.9316761953194503,2.915415714145621,3.4580280386117335,2.5859726547886757
L05141322,izquierda,CWT Morlet,3.0,rolling,ARTF2,bilateral,30,6,877,32.33775811209439,109440,0.9399223926938015,2.908018924910666,3.439449651753989,2.685401247044741
L05141322,izquierda,CWT Morlet,3.0,rolling,base,bilateral,30,6,137,5.051622418879056,153780,0.9335915523505677,2.9497319076668065,3.4572311528601904,2.618953506358053
L05141322,izquierda,CWT Morlet,6.0,ewm,ARTF2,bilateral,30,3,877,32.33775811209439,109920,0.9333616290478226,2.7475427585567336,3.3008115448737123,2.3833027540014595
L05141322,izquierda,CWT Morlet,6.0,ewm,base,bilateral,30,6,137,5.051622418879056,154140,0.9342056611694832,2.7727930584087543,3.3217350406352,2.440524778245892
L05141322,izquierda,CWT Morlet,6.0,rolling,ARTF2,bilateral,30,6,877,32.33775811209439,109440,0.9404168055402349,2.76378601502013,3.3126783646766986,2.528884479799527
L05141322,izquierda,CWT Morlet,6.0,rolling,base,bilateral,30,6,137,5.051622418879056,153780,0.9361794348434392,2.7997278112699386,3.318507071465351,2.471950183584306
L05141322,izquierda,CWT Morlet,12.0,ewm,ARTF2,bilateral,30,3,877,32.33775811209439,109920,0.9345473557745335,2.6170006676751507,3.1792227568175613,2.2345243403108452
L05141322,izquierda,CWT Morlet,12.0,ewm,base,bilateral,30,6,137,5.051622418879056,154140,0.9358640912711791,2.640991833969239,3.2009698284830352,2.302529148672754
L05141322,izquierda,CWT Morlet,12.0,rolling,ARTF2,bilateral,30,6,877,32.33775811209439,109440,0.9400833759709366,2.627586707554976,3.2019981950408343,2.3777277118526823
L05141322,izquierda,CWT Morlet,12.0,rolling,base,bilateral,30,6,137,5.051622418879056,153780,0.9376583407811787,2.660574201524724,3.1993386086713693,2.332528002507997
L05141322,izquierda,Welch,,ewm,ARTF2,bilateral,30,5,877,32.33775811209439,109800,0.939789821551496,1.6216022836256048,2.221521051028752,0.5053045339373925
L05141322,izquierda,Welch,,ewm,base,bilateral,30,6,137,5.051622418879056,154140,0.9376813002558028,1.6363996670668302,2.2743061333821353,0.4901543047932802
L05141322,izquierda,Welch,,rolling,ARTF2,bilateral,30,6,877,32.33775811209439,109440,0.9484588847559856,1.5317353047145312,2.1506758859657475,0.63168863877731
L05141322,izquierda,Welch,,rolling,base,bilateral,30,6,137,5.051622418879056,153780,0.9388386328996144,1.6004143505899462,2.3075866666485285,0.5207507403074793
